Optimizer,TrainingBatchSize,TopTestAccuracy
fr,5000,58.38
bfgs,25000,48.28
sgd,10000,50.24
fr,5000,71.87
sgd,100,77.09
bfgs,50000,48.67
fr,100,72.72
sgd,5000,52.21
fr,100,75.99
bfgs,25000,39.59
sgd,100,77.78
sgd,100,74.96
sgd,100,68.81
bfgs,10000,55.99
bfgs,25000,57.69
sgd,10000,51.02
sgd,10000,51.99
sgd,5000,52.05
bfgs,5000,59.44
fr,5000,60.85
sgd,10000,49.67
fr,25000,46.09
sgd,50000,35.22
fr,5000,70.81
bfgs,50000,43.73
sgd,10000,51.85
fr,5000,59.2
sgd,25000,49.88
fr,5000,58.28
fr,100,76.33
bfgs,5000,47.56
sgd,25000,54.45
bfgs,1000,73.58
fr,5000,50.31
sgd,5000,58.53
sgd,5000,67.41
bfgs,25000,51.19
bfgs,5000,59.93
bfgs,50000,36.64
sgd,100,66.98
fr,25000,28.1
sgd,5000,50.14
sgd,50000,33.8
bfgs,50000,37.98
bfgs,25000,53.07
bfgs,25000,55.04
fr,25000,10.0
sgd,10000,67.15
bfgs,5000,60.87
sgd,1000,52.89
fr,10000,49.69
fr,25000,64.43
bfgs,25000,51.49
sgd,1000,72.5
bfgs,50000,37.73
fr,1000,77.11
sgd,25000,50.06
bfgs,25000,38.76
sgd,5000,57.41
sgd,100,76.47
fr,100,10.0
fr,5000,10.0
fr,25000,41.72
sgd,10000,48.53
fr,5000,10.0
sgd,25000,47.95
fr,5000,61.96
bfgs,50000,47.42
fr,100,74.96
bfgs,50000,38.41
sgd,25000,51.58
fr,5000,40.1
sgd,100,76.27
fr,1000,59.57
sgd,10000,45.1
fr,50000,58.17
sgd,5000,51.99
fr,1000,72.16
bfgs,10000,42.11
fr,10000,67.14
bfgs,1000,74.83
sgd,100,67.28
bfgs,25000,55.31
fr,5000,74.15
fr,50000,10.0
sgd,25000,55.8
fr,5000,64.38
sgd,1000,54.48
sgd,1000,72.37
bfgs,25000,41.08
bfgs,5000,59.67
sgd,50000,59.82
fr,5000,64.49
bfgs,25000,58.77
bfgs,50000,41.97
sgd,100,58.63
fr,1000,62.43
sgd,10000,47.95
fr,5000,10.0
bfgs,25000,58.38
fr,1000,11.55
fr,1000,63.76
bfgs,25000,54.53
fr,5000,61.11
sgd,100,57.39
bfgs,5000,43.15
sgd,50000,50.97
bfgs,5000,59.08
fr,1000,64.62
bfgs,5000,60.27
fr,25000,43.6
bfgs,50000,41.83
sgd,50000,64.36
sgd,10000,52.59
bfgs,25000,55.82
bfgs,50000,37.17
sgd,1000,64.1
sgd,100,76.55
sgd,1000,63.9
sgd,1000,64.72
bfgs,1000,75.22
sgd,50000,54.18
fr,25000,29.21
sgd,5000,68.04
sgd,100,76.41
sgd,25000,49.85
bfgs,1000,75.07
fr,5000,58.82
fr,5000,10.0
fr,5000,64.8
fr,5000,62.59
sgd,10000,65.57
bfgs,25000,51.77
fr,1000,65.98
bfgs,25000,59.48
bfgs,25000,58.31
sgd,50000,54.16
bfgs,5000,58.74
sgd,10000,51.31
bfgs,10000,42.97
fr,50000,10.0
bfgs,100,73.82
fr,10000,60.55
fr,50000,41.67
sgd,5000,50.54
bfgs,100,75.32
sgd,10000,55.98
sgd,25000,52.22
sgd,25000,40.65
bfgs,25000,51.45
sgd,25000,47.33
fr,50000,55.02
sgd,10000,58.27
sgd,25000,66.77
bfgs,1000,67.58
fr,50000,10.0
sgd,25000,39.27
sgd,25000,52.36
fr,10000,10.0
fr,5000,55.52
sgd,25000,56.64
bfgs,25000,57.12
sgd,1000,72.24
sgd,25000,39.78
fr,5000,73.73
sgd,1000,49.61
bfgs,1000,74.03
fr,50000,36.6
fr,100,10.0
bfgs,50000,46.08
sgd,1000,52.93
sgd,5000,55.93
fr,100,10.0
bfgs,5000,43.96
fr,1000,71.64
sgd,5000,56.15
bfgs,1000,75.67
sgd,1000,63.86
fr,50000,58.82
bfgs,5000,59.89
sgd,10000,50.27
fr,50000,50.21
fr,5000,60.56
sgd,50000,51.22
fr,5000,59.13
fr,5000,55.99
fr,50000,56.66
bfgs,10000,55.82
fr,100,77.36
sgd,25000,51.94
fr,5000,56.47
sgd,1000,58.56
bfgs,5000,60.2
sgd,100,75.26
sgd,25000,41.68
bfgs,5000,58.99
sgd,1000,58.45
sgd,5000,63.07
fr,5000,74.66
sgd,10000,64.95
fr,1000,77.34
sgd,10000,53.33
sgd,5000,51.44
fr,10000,52.28
bfgs,5000,44.03
sgd,25000,40.83
fr,100,76.26
sgd,50000,62.77
bfgs,5000,70.73
fr,1000,63.1
sgd,100,63.5
fr,50000,43.74
bfgs,25000,54.37
bfgs,5000,60.69
bfgs,5000,57.25
bfgs,5000,60.71
sgd,100,77.01
bfgs,5000,59.49
fr,5000,67.47
fr,5000,10.0
bfgs,5000,56.29
bfgs,10000,55.83
fr,1000,75.33
fr,1000,62.17
bfgs,1000,74.85
bfgs,25000,57.72
bfgs,25000,50.39
sgd,100,64.8
fr,5000,10.0
fr,100,76.34
fr,25000,51.83
fr,25000,61.78
sgd,10000,45.94
bfgs,10000,56.08
sgd,25000,58.01
fr,25000,53.82
sgd,100,76.2
fr,5000,68.38
sgd,100,76.68
fr,100,75.83
sgd,10000,50.85
bfgs,25000,53.3
sgd,25000,55.68
bfgs,100,75.69
fr,25000,40.56
sgd,1000,72.84
bfgs,5000,58.84
sgd,1000,55.12
bfgs,50000,49.88
fr,50000,50.37
bfgs,5000,66.62
fr,1000,61.06
sgd,25000,40.98
sgd,25000,56.21
fr,1000,63.18
fr,5000,72.79
bfgs,5000,58.49
sgd,25000,46.74
bfgs,5000,47.1
sgd,1000,73.55
fr,100,75.87
sgd,25000,65.04
sgd,25000,47.61
fr,5000,10.0
sgd,25000,51.75
bfgs,25000,59.82
fr,5000,64.92
sgd,10000,62.68
fr,100,74.64
bfgs,50000,47.55
sgd,10000,56.37
fr,25000,40.91
sgd,10000,51.87
sgd,25000,39.14
sgd,5000,54.29
fr,5000,59.23
fr,5000,10.0
bfgs,50000,49.55
bfgs,10000,40.0
fr,25000,15.32
fr,50000,58.69
sgd,10000,47.92
bfgs,100,75.56
sgd,25000,65.84
sgd,50000,61.55
bfgs,10000,56.88
sgd,100,64.3
fr,5000,65.23
bfgs,5000,56.13
sgd,100,75.1
fr,50000,42.41
sgd,50000,33.49
bfgs,10000,57.49
sgd,10000,53.36
fr,5000,73.32
sgd,10000,50.7
fr,5000,27.95
fr,1000,68.79
sgd,10000,58.86
bfgs,1000,74.56
bfgs,1000,75.07
fr,5000,54.53
fr,25000,56.99
sgd,10000,50.23
fr,100,75.86
sgd,25000,52.39
fr,10000,63.72
bfgs,1000,76.28
bfgs,1000,76.4
sgd,100,74.78
sgd,100,10.05
sgd,100,76.33
bfgs,50000,48.37
sgd,50000,46.8
fr,5000,10.0
fr,100,74.12
fr,5000,66.12
fr,5000,62.08
bfgs,50000,46.63
sgd,50000,35.11
sgd,10000,59.04
bfgs,25000,57.59
bfgs,25000,42.8
fr,1000,76.77
sgd,10000,55.86
sgd,25000,54.27
sgd,50000,51.54
sgd,1000,60.67
sgd,100,72.21
fr,5000,60.14
bfgs,1000,74.52
fr,25000,52.01
fr,25000,55.75
fr,100,10.0
sgd,50000,47.76
fr,5000,30.58
fr,5000,10.0
sgd,10000,55.05
fr,5000,10.0
sgd,100,67.58
bfgs,10000,61.53
sgd,5000,56.32
fr,1000,64.04
sgd,10000,49.55
fr,1000,65.37
sgd,10000,51.37
bfgs,25000,57.24
fr,5000,59.22
fr,5000,73.47
sgd,5000,68.21
fr,100,76.07
sgd,1000,54.63
bfgs,1000,75.88
sgd,50000,47.4
bfgs,5000,59.19
bfgs,1000,74.52
sgd,50000,51.48
bfgs,1000,75.96
sgd,25000,51.64
bfgs,50000,42.63
bfgs,25000,55.43
sgd,50000,53.79
fr,5000,71.64
sgd,25000,58.3
bfgs,10000,58.03
fr,5000,10.0
fr,25000,51.81
fr,1000,67.94
fr,10000,58.71
sgd,5000,50.52
sgd,25000,55.4
fr,100,75.46
sgd,100,57.13
bfgs,5000,66.68
bfgs,25000,54.58
fr,1000,10.0
sgd,100,76.48
bfgs,5000,57.57
bfgs,100,76.42
sgd,10000,51.82
fr,5000,65.3
sgd,100,67.82
fr,1000,64.14
sgd,100,77.52
bfgs,10000,55.87
fr,5000,58.09
sgd,5000,66.54
fr,5000,65.93
bfgs,5000,56.52
fr,5000,53.87
fr,100,10.0
fr,1000,19.86
fr,100,74.91
sgd,1000,49.27
fr,5000,10.0
fr,50000,25.11
bfgs,5000,59.41
fr,5000,62.69
fr,100,76.88
sgd,25000,59.39
bfgs,5000,46.57
bfgs,50000,42.45
fr,10000,61.96
bfgs,5000,60.01
bfgs,5000,57.45
sgd,50000,57.55
sgd,50000,54.12
fr,25000,60.38
sgd,1000,49.86
sgd,5000,62.73
fr,5000,10.0
sgd,100,57.15
sgd,100,62.02
bfgs,5000,57.39
bfgs,1000,64.93
bfgs,5000,70.04
fr,25000,55.52
sgd,5000,67.83
fr,5000,68.56
sgd,50000,50.64
bfgs,25000,50.79
bfgs,5000,59.97
bfgs,1000,76.13
bfgs,100,76.32
bfgs,25000,53.45
bfgs,50000,39.25
fr,5000,73.37
bfgs,50000,46.82
bfgs,5000,42.08
fr,25000,48.82
fr,5000,64.22
fr,1000,71.64
bfgs,5000,70.52
fr,1000,10.0
sgd,100,63.52
sgd,10000,46.74
fr,5000,72.14
sgd,1000,54.02
fr,1000,72.96
bfgs,10000,55.76
bfgs,25000,51.49
fr,5000,62.75
bfgs,50000,45.8
fr,100,73.05
bfgs,25000,39.94
bfgs,10000,56.59
bfgs,100,76.62
sgd,1000,52.34
bfgs,1000,75.49
fr,10000,70.1
fr,5000,54.91
fr,100,76.6
fr,50000,13.06
bfgs,5000,58.0
bfgs,25000,54.71
fr,1000,76.67
fr,10000,55.51
fr,10000,60.96
sgd,100,63.38
sgd,25000,64.66
fr,5000,10.0
fr,5000,10.0
sgd,1000,60.89
fr,1000,10.0
fr,5000,58.96
fr,25000,45.37
fr,5000,10.0
fr,25000,33.1
sgd,5000,63.1
bfgs,10000,57.84
bfgs,50000,48.69
bfgs,5000,59.47
fr,100,77.55
bfgs,100,76.73
fr,25000,60.17
sgd,25000,56.18
sgd,50000,34.23
sgd,100,63.61
fr,5000,66.16
fr,5000,58.37
sgd,1000,61.4
sgd,25000,66.42
sgd,25000,39.4
sgd,1000,49.22
fr,5000,58.92
bfgs,25000,51.69
sgd,1000,49.47
fr,1000,14.67
sgd,100,76.05
bfgs,50000,35.65
bfgs,50000,38.22
sgd,1000,53.1
sgd,10000,50.0
bfgs,50000,49.28
fr,10000,69.99
fr,10000,65.2
bfgs,10000,40.08
bfgs,10000,54.43
sgd,25000,51.92
bfgs,1000,74.72
bfgs,1000,75.99
sgd,10000,52.55
sgd,50000,41.16
fr,5000,65.33
fr,5000,61.57
fr,5000,33.91
bfgs,5000,60.74
sgd,5000,51.81
bfgs,50000,48.73
fr,5000,71.33
bfgs,25000,41.89
sgd,1000,73.04
fr,5000,10.0
bfgs,10000,63.19
fr,1000,77.53
sgd,100,67.93
sgd,5000,57.6
bfgs,1000,76.8
fr,50000,10.0
bfgs,5000,53.43
bfgs,5000,59.99
sgd,100,64.49
fr,5000,63.61
bfgs,5000,47.82
bfgs,10000,55.87
fr,50000,61.34
sgd,100,10.25
sgd,25000,54.16
sgd,100,56.87
fr,25000,70.05
sgd,1000,73.87
sgd,5000,56.19
sgd,1000,63.19
fr,100,74.83
fr,10000,61.49
fr,5000,72.08
bfgs,10000,54.8
sgd,10000,49.95
fr,100,75.32
sgd,100,75.58
fr,5000,69.06
bfgs,50000,36.35
sgd,5000,56.2
fr,5000,10.0
sgd,50000,50.93
fr,5000,10.0
bfgs,50000,48.05
bfgs,5000,70.7
bfgs,50000,47.53
sgd,5000,56.58
fr,50000,33.4
bfgs,1000,75.28
fr,100,76.29
bfgs,100,76.08
sgd,1000,74.66
bfgs,100,76.8
bfgs,10000,41.04
fr,100,74.63
fr,5000,10.0
fr,25000,71.3
fr,50000,63.34
fr,100,10.0
fr,5000,55.47
sgd,50000,57.7
fr,50000,62.02
fr,25000,59.78
bfgs,1000,74.72
fr,5000,65.05
bfgs,100,77.11
sgd,25000,50.95
sgd,100,73.53
fr,1000,59.21
fr,5000,73.69
fr,5000,64.23
bfgs,25000,54.77
fr,5000,58.84
bfgs,1000,64.58
bfgs,1000,75.17
fr,10000,29.73
sgd,10000,64.78
fr,5000,66.0
fr,5000,65.65
fr,10000,10.0
bfgs,10000,53.1
sgd,50000,57.45
bfgs,50000,37.36
fr,100,76.13
bfgs,50000,39.13
sgd,10000,53.81
bfgs,1000,75.11
fr,25000,39.26
sgd,50000,60.07
bfgs,5000,58.6
sgd,100,63.97
fr,50000,57.9
sgd,50000,50.22
sgd,100,77.11
fr,5000,10.0
fr,25000,57.91
fr,25000,63.4
sgd,50000,48.25
sgd,100,59.77
sgd,1000,48.71
fr,50000,58.59
fr,5000,64.14
sgd,10000,55.35
sgd,1000,51.93
fr,25000,57.48
bfgs,5000,59.4
sgd,25000,39.9
fr,1000,78.25
fr,25000,51.96
fr,5000,27.0
fr,5000,62.22
bfgs,10000,53.25
bfgs,100,75.28
fr,50000,59.21
bfgs,5000,59.6
sgd,25000,55.37
fr,5000,10.0
bfgs,5000,57.25
sgd,25000,50.23
bfgs,50000,38.66
bfgs,10000,62.95
bfgs,10000,53.95
bfgs,5000,58.86
sgd,10000,50.85
fr,1000,71.77
fr,5000,10.0
bfgs,1000,76.3
fr,1000,69.4
sgd,100,59.53
sgd,100,76.79
sgd,25000,51.79
fr,50000,36.38
bfgs,10000,41.24
bfgs,10000,57.77
fr,50000,27.94
bfgs,10000,57.58
bfgs,50000,49.54
sgd,1000,71.73
fr,5000,69.82
bfgs,5000,44.74
fr,5000,66.36
sgd,100,76.25
sgd,25000,49.74
sgd,1000,56.03
fr,10000,57.92
fr,100,76.24
fr,50000,10.0
sgd,10000,57.91
fr,1000,66.9
sgd,25000,27.03
sgd,25000,51.2
bfgs,1000,64.39
fr,5000,56.36
fr,5000,10.0
fr,50000,35.77
sgd,50000,64.66
fr,5000,65.97
sgd,25000,47.77
sgd,100,74.46
bfgs,50000,38.58
fr,50000,10.0
bfgs,10000,56.98
bfgs,10000,56.59
fr,1000,64.57
fr,100,74.94
sgd,100,77.62
sgd,100,77.32
fr,25000,58.24
sgd,25000,57.85
fr,5000,65.9
bfgs,5000,55.85
fr,100,10.0
bfgs,50000,48.28
bfgs,50000,48.07
fr,5000,10.06
fr,5000,10.0
fr,50000,43.12
fr,50000,37.53
fr,100,74.27
bfgs,100,77.19
bfgs,5000,60.86
bfgs,5000,56.7
bfgs,5000,57.34
sgd,10000,45.95
sgd,50000,34.03
bfgs,50000,49.94
sgd,100,66.88
sgd,5000,57.92
bfgs,5000,58.85
fr,5000,55.44
bfgs,100,75.11
fr,10000,10.0
fr,5000,10.0
sgd,10000,55.22
fr,5000,12.09
fr,50000,52.48
sgd,50000,52.33
bfgs,5000,57.33
fr,1000,76.79
bfgs,5000,59.69
sgd,100,62.14
fr,5000,71.71
sgd,25000,46.93
bfgs,25000,39.96
bfgs,50000,48.64
sgd,1000,68.95
fr,1000,70.78
bfgs,25000,43.96
bfgs,5000,70.25
fr,5000,67.28
fr,10000,61.69
bfgs,5000,56.46
sgd,5000,66.73
bfgs,1000,64.93
bfgs,50000,37.38
fr,5000,40.25
fr,5000,74.36
sgd,50000,63.92
fr,5000,73.89
bfgs,5000,58.59
fr,50000,58.13
bfgs,50000,39.91
bfgs,1000,74.98
sgd,1000,51.59
bfgs,5000,61.2
bfgs,1000,70.96
sgd,100,67.67
sgd,1000,49.92
bfgs,1000,75.53
fr,5000,56.5
fr,25000,70.03
fr,10000,49.97
bfgs,10000,53.64
sgd,10000,54.29
bfgs,50000,49.74
sgd,5000,52.39
bfgs,1000,74.5
sgd,1000,54.76
bfgs,100,77.25
bfgs,25000,54.11
sgd,50000,45.23
bfgs,1000,76.05
sgd,25000,51.85
sgd,100,66.88
sgd,1000,68.38
fr,10000,60.78
bfgs,5000,67.95
sgd,100,75.18
fr,25000,44.98
sgd,5000,59.43
fr,5000,10.0
sgd,1000,71.5
fr,5000,10.0
sgd,25000,55.72
bfgs,100,74.97
bfgs,25000,49.16
fr,5000,52.47
fr,10000,34.51
bfgs,5000,60.21
bfgs,1000,75.91
fr,100,76.66
sgd,50000,35.47
bfgs,100,76.42
fr,5000,10.27
sgd,1000,59.14
fr,100,76.71
fr,5000,65.12
fr,25000,32.57
bfgs,5000,56.7
bfgs,5000,63.72
fr,5000,10.0
sgd,10000,45.84
bfgs,5000,58.59
sgd,5000,52.55
sgd,25000,52.48
bfgs,25000,54.54
sgd,1000,60.47
fr,25000,51.89
bfgs,5000,58.64
fr,50000,44.51
fr,10000,35.61
bfgs,5000,70.03
fr,5000,10.0
sgd,25000,64.28
bfgs,50000,48.97
fr,1000,71.63
fr,25000,10.0
bfgs,10000,54.0
bfgs,50000,47.62
sgd,10000,58.69
sgd,1000,53.46
fr,5000,67.59
sgd,1000,72.16
fr,1000,68.32
fr,5000,61.99
bfgs,50000,47.35
bfgs,5000,56.22
fr,5000,54.86
sgd,50000,39.1
bfgs,5000,58.41
fr,5000,10.0
fr,50000,10.0
bfgs,5000,57.14
fr,5000,71.44
fr,25000,10.0
sgd,10000,51.47
fr,5000,10.0
bfgs,5000,60.36
fr,1000,10.0
fr,50000,53.12
sgd,50000,57.28
sgd,1000,54.28
sgd,25000,52.27
fr,10000,59.5
bfgs,25000,41.18
sgd,5000,55.69
bfgs,10000,58.27
fr,25000,67.34
sgd,100,76.86
fr,5000,58.8
sgd,25000,58.01
bfgs,5000,54.37
fr,5000,33.6
bfgs,5000,60.15
fr,5000,59.01
bfgs,25000,43.35
fr,25000,10.0
bfgs,25000,39.49
fr,100,10.0
sgd,1000,52.45
fr,5000,54.04
fr,1000,71.51
sgd,25000,56.82
sgd,25000,55.44
fr,5000,36.4
sgd,1000,52.93
sgd,100,75.06
fr,25000,10.0
fr,1000,59.62
sgd,1000,62.25
fr,5000,54.18
sgd,100,63.46
fr,5000,10.0
fr,50000,30.24
sgd,100,57.8
bfgs,5000,57.46
fr,5000,60.58
sgd,100,76.96
sgd,50000,64.55
fr,5000,10.0
fr,10000,59.39
bfgs,5000,71.14
sgd,25000,41.11
sgd,50000,51.08
fr,50000,45.28
sgd,50000,57.27
fr,5000,63.64
fr,1000,69.37
fr,5000,10.0
fr,10000,70.15
bfgs,50000,47.01
sgd,100,75.32
bfgs,5000,58.57
bfgs,1000,75.41
sgd,25000,51.88
fr,25000,50.82
bfgs,5000,65.0
fr,100,74.74
bfgs,25000,43.23
sgd,10000,57.81
fr,5000,63.45
bfgs,5000,70.44
fr,5000,63.27
sgd,1000,49.3
fr,100,75.5
fr,5000,35.08
bfgs,50000,44.68
sgd,25000,59.8
sgd,50000,66.08
sgd,10000,60.32
fr,1000,68.0
sgd,1000,54.16
fr,100,10.0
sgd,1000,48.81
fr,5000,10.0
sgd,1000,69.98
bfgs,100,75.57
bfgs,25000,54.71
fr,100,76.37
fr,5000,10.0
sgd,25000,40.71
bfgs,25000,49.27
sgd,100,76.18
bfgs,50000,46.11
sgd,1000,63.61
fr,10000,65.05
fr,5000,64.79
bfgs,10000,56.11
sgd,50000,54.33
fr,25000,62.71
bfgs,1000,74.72
sgd,10000,64.71
sgd,50000,53.03
sgd,50000,61.01
sgd,10000,47.34
fr,1000,71.59
fr,5000,59.6
sgd,10000,55.37
fr,100,73.93
fr,5000,10.0
sgd,100,66.78
fr,5000,10.0
fr,1000,78.18
sgd,1000,49.85
bfgs,100,75.77
fr,1000,67.07
bfgs,25000,53.67
bfgs,50000,40.64
fr,50000,42.68
bfgs,50000,47.26
fr,5000,62.0
fr,100,75.34
bfgs,25000,44.98
fr,5000,63.34
bfgs,10000,55.8
fr,10000,60.65
fr,10000,10.0
sgd,10000,46.29
fr,5000,72.26
sgd,50000,51.78
fr,5000,68.38
sgd,5000,62.59
fr,5000,74.69
fr,100,10.0
fr,10000,61.33
fr,5000,67.47
sgd,50000,35.35
sgd,100,62.88
fr,10000,10.0
bfgs,50000,38.8
bfgs,25000,50.02
sgd,50000,50.95
sgd,1000,68.98
sgd,50000,57.82
sgd,10000,55.84
fr,25000,60.85
fr,100,75.89
sgd,10000,55.64
bfgs,50000,46.81
fr,5000,54.62
bfgs,50000,39.62
sgd,10000,61.17
fr,10000,62.95
fr,25000,44.95
bfgs,50000,46.71
sgd,100,76.68
fr,5000,72.09
bfgs,25000,56.83
fr,10000,57.78
bfgs,5000,58.46
bfgs,5000,59.29
bfgs,25000,52.2
fr,10000,62.95
bfgs,1000,64.48
bfgs,50000,37.32
bfgs,1000,64.17
fr,5000,10.0
fr,5000,10.0
bfgs,1000,75.12
fr,25000,38.87
fr,1000,71.75
sgd,25000,40.54
fr,5000,63.6
sgd,50000,34.67
sgd,1000,55.52
bfgs,5000,60.2
bfgs,10000,56.93
fr,25000,47.09
bfgs,5000,68.94
bfgs,50000,49.86
bfgs,5000,57.61
bfgs,100,76.26
bfgs,10000,62.42
sgd,1000,51.52
fr,5000,67.57
fr,10000,63.09
bfgs,50000,41.76
bfgs,5000,45.35
fr,50000,63.99
bfgs,5000,56.99
fr,100,75.68
bfgs,5000,42.76
bfgs,25000,50.34
sgd,10000,61.95
sgd,100,76.72
bfgs,1000,75.07
fr,1000,10.0
bfgs,100,75.88
fr,100,76.16
sgd,5000,52.25
sgd,50000,53.96
bfgs,5000,64.29
fr,1000,70.38
bfgs,5000,55.1
fr,5000,63.89
sgd,1000,54.51
bfgs,50000,47.79
fr,25000,47.65
bfgs,100,76.41
sgd,25000,57.57
bfgs,50000,41.13
sgd,10000,53.27
bfgs,25000,54.21
sgd,25000,49.48
bfgs,1000,64.43
fr,50000,41.51
bfgs,10000,56.9
fr,5000,65.48
sgd,100,76.42
fr,5000,64.9
bfgs,10000,39.25
bfgs,50000,48.26
bfgs,50000,40.03
fr,5000,66.42
bfgs,5000,59.42
sgd,10000,46.09
fr,50000,49.52
sgd,25000,50.03
fr,100,10.0
fr,100,75.78
sgd,25000,39.75
fr,1000,10.0
sgd,50000,47.63
bfgs,10000,53.45
fr,50000,35.65
sgd,10000,46.44
fr,10000,60.82
bfgs,50000,48.0
bfgs,10000,55.98
fr,5000,10.0
fr,5000,36.44
fr,5000,68.05
fr,10000,57.25
fr,5000,73.11
bfgs,50000,40.36
fr,5000,72.6
bfgs,5000,60.35
sgd,100,77.61
fr,5000,10.0
sgd,25000,62.35
fr,5000,59.38
sgd,100,74.89
fr,1000,69.13
sgd,25000,54.47
sgd,25000,55.47
fr,5000,10.0
fr,5000,64.75
sgd,10000,65.55
sgd,100,63.49
sgd,50000,50.93
bfgs,10000,57.54
fr,5000,62.62
fr,5000,10.0
fr,50000,56.56
bfgs,50000,48.31
sgd,100,67.63
sgd,1000,71.16
fr,5000,10.0
bfgs,50000,44.41
sgd,100,77.68
sgd,50000,54.67
fr,50000,60.91
fr,5000,75.47
sgd,10000,57.32
sgd,1000,49.36
fr,5000,61.64
sgd,50000,54.44
bfgs,50000,43.79
sgd,5000,68.72
fr,5000,68.45
sgd,1000,53.3
fr,5000,10.0
fr,5000,26.27
fr,1000,64.79
bfgs,5000,59.47
sgd,1000,73.6
fr,5000,10.0
bfgs,50000,47.98
bfgs,50000,41.2
fr,5000,74.73
bfgs,1000,74.55
bfgs,25000,54.23
sgd,25000,65.62
bfgs,50000,39.02
bfgs,5000,60.4
bfgs,5000,54.66
sgd,1000,54.07
bfgs,10000,56.35
sgd,5000,67.64
bfgs,5000,60.86
sgd,1000,73.71
sgd,25000,56.05
fr,100,73.32
fr,5000,69.11
fr,25000,45.29
fr,5000,10.0
bfgs,100,76.47
bfgs,10000,56.99
fr,100,75.32
fr,100,10.0
sgd,1000,52.99
bfgs,10000,39.24
sgd,100,75.79
bfgs,50000,35.59
fr,100,76.06
fr,1000,64.64
fr,5000,70.73
sgd,5000,66.06
sgd,10000,51.58
bfgs,50000,45.77
bfgs,50000,38.0
sgd,5000,58.94
fr,5000,66.77
bfgs,5000,56.58
fr,5000,10.0
fr,5000,74.27
fr,5000,53.73
bfgs,50000,41.45
bfgs,1000,76.26
bfgs,25000,45.88
sgd,25000,49.89
fr,50000,63.94
bfgs,5000,56.28
bfgs,5000,59.42
sgd,50000,34.06
sgd,50000,50.97
fr,5000,66.8
sgd,50000,50.6
bfgs,100,73.56
sgd,100,76.61
fr,100,76.41
bfgs,1000,65.77
fr,25000,61.73
fr,100,10.0
bfgs,10000,55.24
fr,50000,43.98
bfgs,5000,58.3
fr,5000,57.5
fr,5000,53.58
sgd,10000,60.57
bfgs,5000,56.31
fr,100,77.16
fr,5000,73.51
fr,5000,72.67
fr,50000,57.41
fr,100,75.92
bfgs,5000,60.07
fr,5000,61.4
bfgs,1000,75.86
fr,50000,58.33
fr,1000,70.01
sgd,10000,52.43
bfgs,5000,66.14
fr,10000,65.46
fr,5000,10.0
fr,25000,70.16
fr,1000,10.0
bfgs,100,75.76
fr,5000,61.69
fr,1000,10.0
fr,5000,53.89
sgd,25000,65.59
bfgs,100,76.11
fr,50000,54.37
bfgs,5000,55.07
sgd,5000,48.16
fr,5000,10.0
bfgs,10000,57.91
fr,100,73.11
fr,5000,63.21
sgd,1000,53.2
fr,10000,55.93
fr,5000,10.0
sgd,50000,62.1
fr,5000,28.89
sgd,100,75.23
bfgs,50000,39.79
bfgs,10000,58.49
fr,10000,10.0
sgd,5000,53.73
fr,10000,58.72
sgd,50000,34.62
sgd,1000,61.2
bfgs,50000,43.54
bfgs,1000,75.94
sgd,50000,63.39
sgd,50000,54.4
sgd,1000,58.58
bfgs,1000,75.76
fr,1000,10.0
fr,5000,35.93
fr,50000,10.0
sgd,50000,52.12
fr,5000,10.0
fr,5000,10.0
sgd,100,67.64
sgd,10000,35.11
fr,50000,58.21
fr,100,53.02
sgd,1000,48.64
fr,5000,71.84
fr,10000,54.17
bfgs,5000,63.46
fr,5000,10.0
bfgs,5000,58.61
fr,5000,57.63
sgd,100,71.07
fr,50000,57.46
bfgs,5000,43.33
bfgs,5000,42.8
fr,50000,40.92
sgd,5000,53.67
bfgs,5000,60.48
fr,5000,10.0
fr,100,10.0
fr,100,76.87
fr,10000,57.23
bfgs,5000,61.18
bfgs,1000,75.64
sgd,10000,52.46
bfgs,5000,57.47
sgd,25000,57.74
sgd,25000,61.99
bfgs,10000,61.18
sgd,10000,55.74
sgd,25000,58.95
sgd,25000,44.56
fr,5000,10.0
bfgs,10000,57.45
fr,5000,10.0
sgd,50000,53.51
fr,5000,10.0
sgd,10000,48.13
sgd,100,77.32
sgd,1000,48.73
fr,50000,40.88
fr,5000,52.33
fr,1000,71.1
sgd,100,77.11
fr,5000,61.64
fr,10000,60.1
bfgs,5000,60.58
sgd,10000,48.41
bfgs,25000,58.84
sgd,5000,53.77
fr,100,76.3
fr,5000,62.32
bfgs,1000,75.14
sgd,5000,57.97
sgd,50000,57.31
fr,5000,57.39
sgd,25000,52.66
bfgs,5000,58.23
sgd,25000,56.53
bfgs,50000,42.13
bfgs,1000,75.67
sgd,5000,54.43
bfgs,5000,59.29
sgd,50000,45.53
fr,1000,66.43
bfgs,25000,53.79
sgd,50000,51.32
bfgs,25000,47.08
fr,5000,10.0
bfgs,100,76.0
fr,5000,56.24
bfgs,5000,59.73
bfgs,1000,64.72
fr,5000,10.0
fr,5000,65.13
sgd,5000,59.72
sgd,1000,70.99
fr,1000,72.09
sgd,5000,58.08
bfgs,10000,60.84
fr,5000,66.29
fr,100,73.84
sgd,50000,34.67
sgd,10000,45.99
bfgs,100,76.58
bfgs,50000,49.87
sgd,1000,59.72
fr,5000,10.0
fr,1000,63.68
bfgs,5000,59.66
sgd,50000,51.09
bfgs,10000,60.1
fr,100,10.0
sgd,50000,51.16
sgd,50000,63.7
fr,5000,64.29
fr,100,77.86
bfgs,10000,57.74
sgd,10000,58.1
fr,10000,68.66
sgd,25000,55.54
sgd,10000,66.82
fr,25000,58.81
fr,1000,66.08
bfgs,25000,56.36
sgd,10000,65.26
bfgs,1000,74.57
fr,100,10.0
sgd,25000,26.15
sgd,25000,63.68
fr,10000,58.12
sgd,25000,60.62
bfgs,5000,58.64
fr,5000,70.9
sgd,10000,51.76
bfgs,5000,56.91
sgd,100,66.97
fr,100,74.29
bfgs,10000,61.5
fr,100,76.98
sgd,25000,60.41
fr,5000,65.0
sgd,100,67.11
fr,100,10.0
fr,50000,55.58
fr,100,77.2
fr,5000,62.96
fr,10000,71.04
sgd,1000,63.1
sgd,5000,67.01
fr,5000,10.11
fr,50000,40.33
sgd,10000,58.32
fr,5000,10.0
fr,100,10.0
sgd,5000,47.8
fr,50000,10.0
fr,5000,10.0
fr,5000,10.0
bfgs,1000,76.22
bfgs,5000,63.12
bfgs,5000,59.66
bfgs,25000,54.11
fr,5000,63.75
fr,100,76.53
fr,5000,56.79
fr,5000,53.17
fr,5000,10.0
sgd,50000,36.12
sgd,25000,51.85
bfgs,50000,45.73
fr,5000,10.0
fr,25000,39.19
fr,5000,10.0
bfgs,100,75.14
fr,1000,67.12
fr,25000,58.76
bfgs,25000,50.78
bfgs,5000,57.69
fr,5000,62.59
fr,5000,72.96
sgd,100,76.65
fr,50000,56.91
fr,5000,55.8
sgd,1000,69.01
sgd,5000,63.65
bfgs,1000,76.13
bfgs,25000,54.05
sgd,25000,43.15
sgd,50000,60.65
bfgs,25000,52.59
fr,10000,57.42
bfgs,25000,50.83
fr,5000,10.0
fr,25000,53.63
sgd,100,68.17
fr,5000,10.0
bfgs,5000,60.42
bfgs,5000,55.09
fr,1000,64.15
sgd,1000,52.87
bfgs,25000,38.27
fr,100,73.17
bfgs,50000,37.5
fr,5000,10.0
bfgs,5000,55.32
sgd,100,77.53
fr,50000,56.97
bfgs,100,75.19
fr,5000,10.0
fr,10000,33.3
bfgs,50000,38.57
sgd,1000,71.45
fr,5000,10.0
fr,100,76.71
sgd,50000,35.65
bfgs,5000,60.07
sgd,25000,63.52
sgd,25000,46.64
bfgs,10000,55.76
sgd,25000,49.74
sgd,10000,58.01
sgd,50000,47.92
bfgs,50000,51.18
bfgs,25000,50.82
fr,100,76.2
fr,25000,51.85
bfgs,25000,53.9
fr,5000,10.0
sgd,100,74.76
fr,10000,64.58
fr,5000,56.99
fr,10000,62.23
sgd,50000,45.2
bfgs,5000,59.09
fr,1000,77.44
sgd,25000,43.79
sgd,100,75.83
bfgs,10000,54.21
fr,100,75.75
bfgs,5000,58.12
fr,5000,62.62
fr,5000,54.57
fr,5000,58.86
fr,1000,20.78
fr,10000,49.27
bfgs,10000,56.47
fr,5000,10.0
sgd,5000,50.5
sgd,25000,55.74
fr,50000,43.22
bfgs,100,76.94
fr,5000,10.0
fr,5000,58.52
bfgs,50000,48.43
sgd,50000,45.02
fr,25000,10.0
sgd,25000,61.34
fr,5000,10.0
bfgs,5000,59.21
bfgs,50000,39.1
sgd,25000,63.21
sgd,1000,53.65
bfgs,25000,59.22
bfgs,100,74.63
fr,5000,56.11
sgd,100,75.12
fr,5000,10.06
sgd,25000,64.08
fr,10000,69.46
fr,100,74.23
fr,50000,56.93
sgd,10000,57.63
fr,25000,10.0
fr,1000,71.59
fr,5000,63.96
sgd,50000,58.17
fr,1000,69.26
bfgs,50000,40.78
sgd,1000,62.88
bfgs,25000,49.74
fr,5000,10.0
fr,100,76.71
bfgs,10000,55.57
bfgs,25000,55.86
fr,5000,67.59
sgd,100,64.31
sgd,25000,55.41
sgd,1000,60.32
bfgs,1000,75.58
fr,25000,54.02
sgd,10000,48.29
bfgs,10000,57.01
sgd,50000,22.05
bfgs,5000,59.83
fr,100,75.46
bfgs,10000,38.77
sgd,100,66.26
fr,1000,71.6
fr,1000,69.7
fr,5000,60.28
fr,1000,64.32
bfgs,50000,49.22
bfgs,5000,69.89
bfgs,25000,37.86
fr,5000,59.91
fr,50000,70.35
fr,5000,10.0
sgd,5000,54.21
sgd,25000,44.14
sgd,5000,48.23
sgd,100,64.24
sgd,100,72.32
fr,50000,10.0
fr,100,10.0
sgd,1000,49.01
fr,50000,49.7
sgd,50000,50.9
sgd,10000,56.87
bfgs,5000,60.64
bfgs,50000,38.05
bfgs,5000,58.66
fr,5000,62.25
fr,25000,60.25
sgd,10000,54.1
bfgs,5000,58.94
sgd,1000,54.25
sgd,1000,56.41
sgd,100,75.84
fr,10000,59.55
sgd,50000,57.47
fr,5000,66.18
fr,5000,34.7
sgd,100,74.94
bfgs,5000,58.22
sgd,100,76.4
fr,5000,66.27
sgd,1000,63.53
fr,5000,62.59
bfgs,50000,48.16
sgd,1000,70.44
fr,5000,61.55
bfgs,50000,48.77
fr,5000,65.48
sgd,10000,50.97
bfgs,1000,76.05
fr,5000,10.0
bfgs,25000,59.25
sgd,25000,56.8
sgd,50000,47.47
fr,5000,73.71
sgd,100,75.09
bfgs,25000,42.86
sgd,100,55.86
sgd,50000,57.99
sgd,1000,72.63
sgd,100,75.33
fr,5000,55.32
sgd,5000,66.37
fr,100,74.88
bfgs,1000,65.07
fr,10000,71.07
sgd,50000,51.42
bfgs,50000,50.24
fr,100,76.69
sgd,5000,48.38
bfgs,1000,74.89
sgd,100,76.5
fr,5000,71.29
fr,100,73.7
fr,5000,74.48
fr,25000,37.98
bfgs,50000,48.94
fr,5000,10.13
bfgs,25000,55.13
sgd,50000,45.67
fr,5000,31.38
fr,5000,66.16
sgd,100,57.05
fr,5000,68.44
bfgs,50000,50.65
fr,5000,59.58
sgd,25000,46.34
fr,5000,10.0
fr,5000,10.0
fr,5000,59.12
sgd,10000,51.85
bfgs,10000,54.94
fr,5000,65.35
fr,5000,55.26
sgd,1000,74.07
bfgs,1000,64.2
bfgs,1000,66.8
fr,10000,57.75
fr,1000,76.82
bfgs,100,76.6
fr,5000,57.17
sgd,1000,64.87
bfgs,50000,39.51
fr,5000,57.54
sgd,1000,50.49
sgd,10000,51.97
sgd,5000,54.06
bfgs,5000,66.66
bfgs,5000,58.67
sgd,100,66.76
sgd,1000,53.53
fr,50000,66.52
sgd,10000,56.1
fr,50000,26.56
sgd,50000,42.11
bfgs,10000,55.74
fr,5000,10.0
fr,5000,10.0
fr,100,73.65
sgd,25000,57.63
sgd,5000,66.49
sgd,1000,53.02
fr,5000,62.01
sgd,50000,33.72
bfgs,100,75.05
sgd,1000,55.49
fr,25000,54.95
fr,10000,10.0
fr,10000,66.39
bfgs,10000,57.77
sgd,10000,34.13
bfgs,1000,74.66
bfgs,1000,67.25
sgd,10000,57.64
fr,5000,56.86
fr,1000,71.62
sgd,100,77.57
bfgs,100,77.44
fr,25000,60.92
fr,5000,72.66
sgd,5000,68.37
bfgs,25000,46.43
bfgs,50000,40.02
fr,100,73.0
sgd,100,75.66
fr,5000,10.0
sgd,10000,65.25
fr,50000,54.27
fr,50000,35.06
sgd,25000,60.97
fr,1000,70.68
fr,5000,58.62
bfgs,25000,53.65
fr,5000,53.26
bfgs,10000,39.97
sgd,5000,62.91
bfgs,5000,69.37
sgd,25000,58.67
sgd,100,74.23
sgd,10000,50.69
sgd,1000,72.44
sgd,1000,59.67
bfgs,5000,59.05
bfgs,100,75.17
sgd,25000,40.11
sgd,100,67.4
sgd,5000,56.93
fr,5000,71.64
fr,50000,39.19
fr,25000,10.0
sgd,100,75.35
sgd,25000,50.07
sgd,1000,57.62
fr,25000,57.6
fr,5000,58.87
bfgs,50000,47.76
fr,5000,10.19
bfgs,100,76.87
fr,100,10.0
sgd,5000,52.13
bfgs,5000,64.15
sgd,10000,48.74
sgd,10000,65.76
bfgs,25000,53.59
bfgs,25000,49.64
bfgs,1000,65.01
fr,5000,10.0
sgd,1000,72.84
bfgs,25000,52.89
fr,50000,62.39
fr,10000,55.86
fr,1000,71.86
fr,1000,75.17
bfgs,5000,60.3
bfgs,100,77.27
sgd,10000,57.4
sgd,25000,57.48
bfgs,5000,56.27
fr,5000,64.21
sgd,10000,46.24
fr,10000,57.45
sgd,25000,58.29
sgd,10000,48.16
bfgs,5000,61.15
bfgs,50000,45.01
sgd,50000,56.92
sgd,25000,47.3
fr,100,10.0
bfgs,1000,64.59
fr,5000,73.21
sgd,10000,47.85
fr,5000,10.0
bfgs,25000,53.29
sgd,1000,64.1
sgd,10000,52.09
fr,1000,72.09
bfgs,1000,75.89
sgd,1000,53.72
fr,1000,65.3
fr,5000,52.75
bfgs,10000,63.1
bfgs,50000,48.35
fr,5000,10.0
bfgs,100,74.76
sgd,10000,52.07
fr,5000,10.0
sgd,25000,58.84
fr,100,73.68
bfgs,5000,58.89
bfgs,25000,54.73
fr,5000,53.74
sgd,10000,60.37
fr,100,73.21
sgd,100,73.99
bfgs,5000,59.88
bfgs,25000,51.06
sgd,25000,61.57
fr,5000,10.0
fr,5000,62.06
fr,5000,10.0
fr,100,75.35
fr,25000,56.22
fr,5000,70.79
sgd,100,66.21
fr,5000,56.72
sgd,25000,54.35
fr,25000,10.38
bfgs,5000,57.68
bfgs,10000,57.25
fr,5000,66.48
sgd,100,76.09
sgd,100,77.16
sgd,100,71.19
fr,50000,51.43
fr,25000,29.36
bfgs,5000,60.68
bfgs,100,76.04
sgd,25000,57.49
bfgs,10000,61.87
fr,1000,10.0
fr,5000,62.52
bfgs,50000,47.21
fr,5000,62.4
sgd,100,56.74
sgd,50000,34.22
fr,25000,54.07
bfgs,10000,56.04
sgd,5000,49.69
fr,5000,10.0
fr,50000,69.16
sgd,50000,58.2
bfgs,50000,49.7
bfgs,10000,58.48
sgd,25000,51.0
fr,100,76.81
fr,100,76.13
bfgs,5000,60.67
bfgs,1000,74.78
fr,5000,68.11
sgd,50000,51.15
bfgs,50000,40.89
fr,5000,52.61
sgd,100,75.46
fr,100,75.56
fr,10000,62.42
sgd,100,76.66
sgd,25000,44.72
sgd,10000,51.52
sgd,10000,64.53
sgd,100,75.65
fr,5000,62.69
sgd,10000,56.55
bfgs,100,76.74
sgd,10000,66.89
fr,25000,48.17
sgd,50000,47.92
sgd,100,76.4
sgd,5000,57.27
bfgs,25000,56.53
fr,5000,60.88
sgd,1000,49.9
sgd,10000,47.68
fr,50000,10.05
sgd,1000,54.53
sgd,100,75.6
fr,10000,59.84
sgd,1000,60.35
fr,50000,58.66
fr,25000,51.46
sgd,50000,61.31
fr,5000,10.0
bfgs,100,75.43
fr,25000,45.02
fr,25000,40.34
fr,25000,58.27
bfgs,50000,47.85
bfgs,50000,38.42
fr,25000,54.26
sgd,1000,64.56
fr,10000,60.1
fr,25000,10.0
bfgs,10000,56.22
fr,100,75.68
bfgs,100,73.87
bfgs,25000,57.73
sgd,5000,49.32
sgd,100,75.38
fr,5000,10.0
fr,100,76.22
fr,50000,18.73
sgd,50000,57.56
sgd,1000,71.52
sgd,10000,57.64
bfgs,100,76.07
sgd,25000,54.9
bfgs,50000,39.44
sgd,10000,57.44
fr,25000,61.9
fr,50000,42.63
sgd,5000,67.37
fr,25000,51.99
fr,5000,65.76
fr,25000,35.02
sgd,25000,58.55
fr,5000,64.79
bfgs,50000,42.22
fr,10000,62.67
bfgs,25000,54.83
sgd,100,55.9
fr,10000,54.96
fr,5000,73.39
fr,5000,10.0
fr,25000,70.31
bfgs,25000,51.14
fr,100,74.78
bfgs,5000,58.95
fr,50000,10.0
sgd,10000,47.27
fr,50000,57.21
fr,5000,10.0
fr,25000,69.45
sgd,25000,51.99
bfgs,10000,57.67
fr,25000,57.07
fr,1000,69.24
sgd,10000,56.0
bfgs,100,77.32
bfgs,5000,68.98
fr,25000,54.22
bfgs,1000,75.24
sgd,25000,47.68
fr,10000,10.0
sgd,10000,52.82
bfgs,25000,52.65
fr,25000,41.55
bfgs,5000,60.32
fr,25000,58.46
fr,50000,52.02
bfgs,50000,47.41
bfgs,50000,48.76
sgd,10000,64.96
fr,100,73.76
bfgs,10000,37.98
sgd,5000,48.3
sgd,1000,64.57
sgd,10000,58.63
fr,10000,32.81
sgd,5000,57.32
sgd,25000,57.79
fr,5000,55.86
bfgs,10000,56.93
fr,5000,54.27
fr,5000,61.23
sgd,100,77.08
fr,5000,33.29
bfgs,25000,39.77
sgd,50000,51.05
sgd,5000,50.94
sgd,100,66.93
fr,5000,68.11
bfgs,10000,38.42
sgd,5000,66.01
fr,100,75.94
bfgs,5000,56.01
fr,10000,61.86
fr,5000,61.33
fr,25000,26.97
fr,5000,10.0
bfgs,10000,57.69
fr,1000,70.73
fr,5000,65.63
fr,5000,66.5
fr,10000,62.38
sgd,25000,48.02
sgd,100,75.83
sgd,10000,58.49
sgd,5000,49.37
bfgs,5000,60.47
bfgs,5000,59.3
sgd,50000,33.54
fr,5000,61.4
fr,5000,61.81
fr,100,77.72
sgd,10000,55.47
sgd,10000,57.84
sgd,5000,51.66
sgd,100,76.49
fr,25000,62.56
fr,100,76.08
bfgs,5000,59.7
bfgs,5000,58.81
bfgs,25000,51.81
fr,5000,67.69
fr,1000,66.26
fr,25000,60.97
bfgs,5000,57.27
bfgs,25000,38.92
sgd,50000,64.5
fr,5000,10.0
sgd,1000,53.35
sgd,25000,50.94
fr,10000,63.93
bfgs,1000,75.17
fr,100,10.0
fr,5000,10.0
bfgs,100,76.13
fr,50000,10.0
bfgs,50000,39.09
sgd,1000,73.28
bfgs,5000,59.82
sgd,50000,52.1
sgd,1000,70.28
sgd,100,62.61
sgd,1000,55.8
bfgs,1000,76.19
bfgs,5000,59.67
sgd,10000,58.13
sgd,10000,52.54
fr,5000,38.53
fr,10000,57.24
bfgs,50000,38.05
sgd,1000,58.85
fr,1000,64.41
sgd,100,67.86
sgd,10000,51.48
sgd,5000,52.29
fr,5000,10.0
sgd,10000,57.95
fr,25000,47.31
fr,5000,57.81
fr,5000,10.0
sgd,100,75.93
bfgs,50000,40.48
fr,1000,77.18
fr,5000,10.0
sgd,1000,69.94
fr,5000,10.0
bfgs,10000,53.08
fr,1000,63.86
bfgs,25000,56.29
bfgs,10000,42.1
bfgs,100,75.57
fr,1000,73.19
fr,50000,39.68
fr,25000,33.14
bfgs,5000,71.1
sgd,1000,64.99
fr,100,76.21
fr,5000,66.59
fr,10000,59.48
bfgs,1000,74.84
fr,10000,64.89
bfgs,50000,41.29
bfgs,10000,57.5
bfgs,100,75.61
fr,5000,63.04
sgd,50000,51.26
sgd,50000,35.0
bfgs,100,75.29
sgd,5000,56.65
sgd,50000,57.72
bfgs,5000,70.41
sgd,10000,51.86
sgd,1000,52.93
bfgs,50000,47.95
fr,100,76.0
sgd,50000,45.14
fr,10000,10.0
fr,10000,57.4
fr,10000,10.0
sgd,50000,47.5
fr,5000,10.0
bfgs,50000,50.56
sgd,5000,64.0
fr,50000,51.59
fr,5000,10.0
bfgs,1000,75.18
bfgs,50000,49.17
fr,50000,70.97
bfgs,50000,39.16
fr,50000,53.31
fr,100,76.61
sgd,100,57.6
bfgs,25000,52.35
sgd,1000,51.64
fr,5000,10.0
fr,25000,66.96
bfgs,5000,61.11
sgd,10000,55.7
fr,5000,62.5
fr,5000,61.69
fr,10000,10.0
bfgs,10000,58.48
bfgs,25000,51.88
fr,100,76.51
sgd,10000,55.87
bfgs,10000,53.61
fr,1000,10.0
fr,100,10.0
fr,5000,49.67
bfgs,5000,58.39
bfgs,25000,54.07
sgd,10000,53.22
sgd,100,76.53
bfgs,25000,53.27
fr,5000,10.0
bfgs,25000,54.46
bfgs,1000,74.85
fr,50000,49.78
fr,100,75.44
bfgs,100,77.0
fr,5000,41.27
bfgs,1000,76.33
bfgs,1000,74.37
bfgs,10000,48.04
bfgs,50000,40.24
bfgs,50000,50.07
sgd,25000,52.66
sgd,5000,47.97
bfgs,100,76.41
fr,50000,63.38
sgd,10000,57.26
bfgs,25000,52.92
sgd,10000,65.47
fr,5000,10.0
sgd,1000,62.81
sgd,10000,51.12
bfgs,25000,50.44
sgd,25000,57.82
fr,1000,10.0
fr,1000,72.79
fr,10000,62.73
sgd,5000,50.13
sgd,1000,55.69
sgd,50000,56.98
sgd,25000,57.71
bfgs,50000,45.72
fr,100,76.58
sgd,1000,53.08
bfgs,10000,58.25
fr,10000,65.73
bfgs,5000,59.72
sgd,5000,59.4
fr,5000,56.68
sgd,1000,72.66
fr,5000,10.16
bfgs,5000,58.74
fr,25000,44.55
bfgs,1000,75.18
sgd,1000,70.38
fr,1000,64.72
bfgs,25000,56.5
fr,5000,56.39
bfgs,25000,52.43
sgd,5000,47.89
bfgs,5000,44.1
fr,1000,77.18
fr,100,77.0
bfgs,10000,38.96
sgd,10000,56.74
sgd,25000,39.97
sgd,10000,51.71
sgd,100,75.1
bfgs,10000,55.73
fr,5000,66.14
sgd,100,68.93
fr,5000,71.05
sgd,5000,49.5
sgd,100,77.3
sgd,50000,45.42
fr,5000,64.42
bfgs,10000,56.08
fr,5000,70.98
sgd,50000,44.65
fr,50000,63.08
bfgs,1000,75.68
sgd,1000,72.14
fr,5000,61.6
fr,50000,70.68
bfgs,50000,39.53
bfgs,5000,56.7
bfgs,25000,53.05
fr,5000,60.76
fr,10000,70.84
fr,5000,58.17
sgd,1000,49.82
bfgs,10000,38.29
fr,25000,14.4
fr,10000,32.72
bfgs,5000,44.86
sgd,50000,58.59
sgd,50000,57.64
fr,5000,60.98
bfgs,5000,57.64
fr,100,76.63
fr,5000,61.77
sgd,50000,21.21
bfgs,10000,62.39
sgd,100,76.33
fr,5000,10.0
bfgs,5000,56.73
fr,100,75.86
fr,5000,57.35
sgd,25000,64.44
fr,1000,77.52
fr,50000,26.84
sgd,1000,52.08
sgd,25000,57.37
bfgs,10000,61.52
sgd,5000,47.57
sgd,10000,57.19
bfgs,5000,60.53
bfgs,100,76.1
fr,5000,53.68
sgd,1000,73.36
sgd,50000,57.61
fr,10000,61.46
sgd,1000,50.12
fr,25000,10.0
bfgs,5000,59.45
bfgs,1000,64.37
bfgs,25000,54.99
sgd,10000,47.99
fr,10000,55.68
fr,10000,68.32
fr,10000,57.7
fr,25000,60.62
fr,25000,57.08
fr,10000,10.0
fr,50000,68.49
bfgs,5000,59.36
sgd,50000,60.89
sgd,50000,52.07
fr,5000,61.71
fr,5000,64.57
bfgs,5000,42.09
bfgs,50000,47.86
fr,5000,58.84
sgd,1000,62.03
bfgs,1000,76.47
bfgs,5000,58.92
sgd,50000,51.96
bfgs,25000,54.16
sgd,100,76.79
fr,5000,73.28
fr,25000,70.5
sgd,100,66.61
sgd,1000,69.77
fr,5000,71.12
fr,10000,10.0
sgd,5000,67.79
sgd,5000,52.8
sgd,10000,48.64
bfgs,100,74.75
fr,5000,71.61
fr,5000,71.65
sgd,1000,53.54
fr,10000,62.75
fr,25000,35.02
sgd,25000,55.34
bfgs,25000,38.15
bfgs,5000,58.59
fr,25000,60.5
bfgs,5000,43.01
fr,5000,61.26
sgd,10000,50.24
fr,100,77.68
bfgs,25000,39.08
fr,1000,56.24
sgd,50000,52.04
sgd,100,76.48
bfgs,5000,59.79
sgd,5000,56.54
sgd,1000,57.28
bfgs,50000,51.06
fr,50000,51.48
bfgs,1000,74.99
fr,25000,37.02
fr,100,72.1
sgd,50000,60.8
bfgs,100,73.76
fr,5000,10.0
fr,50000,50.49
fr,5000,61.06
fr,1000,71.43
fr,50000,12.09
sgd,1000,62.69
fr,5000,73.05
bfgs,5000,59.85
fr,5000,67.35
fr,1000,70.39
